iter	Logloss
0	0.3830745374
1	0.3310734677
2	0.3145454245
3	0.3083748256
4	0.3029569527
5	0.2997011235
6	0.2949128847
7	0.2924786383
8	0.2909206139
9	0.2864871576
